{"cameraMode":{"drawMode":0,"name":"Shaded","section":"Shading Mode"},"sceneLighting":true,"audioPlay":false,"sceneViewState":{"m_AlwaysRefresh":false,"showFog":true,"showSkybox":true,"showFlares":true,"showImageEffects":true,"showParticleSystems":true,"showVisualEffectGraphs":true,"m_FxEnabled":true},"in2DMode":false,"pivot":{"x":-9.627912521362305,"y":29.994707107543947,"z":-15.782472610473633},"rotation":{"x":0.3529875874519348,"y":0.14512045681476594,"z":-0.055511172860860828,"w":0.9226521253585815},"size":2.390867233276367,"orthographic":false}